-- phpMyAdmin SQL Dump
-- version 4.7.4
-- https://www.phpmyadmin.net/
--
-- Servidor: 127.0.0.1
-- Tiempo de generación: 22-05-2019 a las 17:38:53
-- Versión del servidor: 10.1.26-MariaDB
-- Versión de PHP: 7.1.9

SET SQL_MODE = "NO_AUTO_VALUE_ON_ZERO";
SET AUTOCOMMIT = 0;
START TRANSACTION;
SET time_zone = "+00:00";


/*!40101 SET @OLD_CHARACTER_SET_CLIENT=@@CHARACTER_SET_CLIENT */;
/*!40101 SET @OLD_CHARACTER_SET_RESULTS=@@CHARACTER_SET_RESULTS */;
/*!40101 SET @OLD_COLLATION_CONNECTION=@@COLLATION_CONNECTION */;
/*!40101 SET NAMES utf8mb4 */;

--
-- Base de datos: `bdencuesta`
--

-- --------------------------------------------------------

--
-- Estructura de tabla para la tabla `tbl_asignacion`
--

CREATE TABLE `tbl_asignacion` (
  `Num_Grupo` int(11) DEFAULT NULL,
  `Id_Competencia` int(11) DEFAULT NULL,
  `Id_Docente` int(11) DEFAULT NULL
) ENGINE=InnoDB DEFAULT CHARSET=utf8 COLLATE=utf8_bin;

--
-- Volcado de datos para la tabla `tbl_asignacion`
--

INSERT INTO `tbl_asignacion` (`Num_Grupo`, `Id_Competencia`, `Id_Docente`) VALUES
(1, 37, 68),
(10, 13, 17),
(10, 52, 17),
(11, 24, 63),
(11, 26, 57),
(11, 43, 48),
(12, 44, 48),
(12, 58, 40),
(12, 76, 63),
(13, 27, 69),
(13, 60, 11),
(14, 21, 17),
(14, 41, 45),
(15, 22, 71),
(15, 56, 31),
(16, 50, 65),
(16, 53, 65),
(17, 50, 11),
(17, 53, 16),
(18, 28, 82),
(18, 47, 82),
(19, 28, 73),
(19, 47, 92),
(2, 10, 42),
(2, 37, 43),
(20, 6, 54),
(21, 35, 38),
(21, 74, 95),
(22, 14, 87),
(22, 4, 19),
(22, 64, 87),
(23, 37, 10),
(24, 37, 7),
(25, 10, 49),
(25, 37, 49),
(26, 44, 28),
(26, 58, 87),
(26, 68, 27),
(26, 76, 47),
(27, 44, 84),
(27, 58, 13),
(27, 68, 63),
(27, 76, 84),
(28, 44, 32),
(28, 58, 13),
(28, 68, 63),
(28, 76, 63),
(29, 44, 32),
(29, 58, 61),
(29, 68, 63),
(29, 76, 63),
(3, 33, 7),
(3, 70, 7),
(30, 20, 93),
(30, 24, 57),
(30, 25, 28),
(30, 43, 18),
(31, 20, 87),
(31, 24, 34),
(31, 25, 77),
(31, 43, 74),
(32, 20, 93),
(32, 24, 21),
(32, 25, 86),
(32, 43, 74),
(33, 19, 51),
(33, 26, 84),
(33, 3, 20),
(33, 55, 32),
(34, 19, 74),
(34, 26, 8),
(34, 3, 20),
(34, 55, 8),
(35, 19, 51),
(35, 26, 72),
(35, 3, 19),
(35, 55, 27),
(36, 28, 25),
(36, 47, 25),
(37, 28, 94),
(37, 6, 91),
(38, 62, 44),
(39, 22, 41),
(39, 53, 29),
(4, 20, 46),
(4, 25, 72),
(4, 68, 48),
(40, 21, 36),
(40, 41, 26),
(40, 50, 14),
(41, 27, 39),
(41, 56, 41),
(41, 60, 37),
(42, 1, 24),
(42, 64, 38),
(42, 66, 95),
(43, 14, 61),
(43, 4, 19),
(43, 75, 33),
(44, 10, 5),
(44, 16, 56),
(44, 70, 78),
(45, 10, 76),
(45, 16, 56),
(45, 70, 10),
(46, 10, 76),
(46, 16, 56),
(46, 70, 9),
(47, 37, 35),
(48, 37, 30),
(49, 37, 52),
(5, 44, 48),
(5, 58, 46),
(5, 76, 48),
(50, 37, 3),
(51, 37, 15),
(52, 62, 80),
(53, 62, 2),
(54, 62, 60),
(55, 37, 83),
(56, 10, 1),
(56, 37, 79),
(57, 10, 70),
(57, 37, 1),
(58, 10, 70),
(58, 37, 12),
(59, 10, 22),
(59, 16, 67),
(59, 70, 53),
(6, 6, 81),
(60, 10, 22),
(60, 16, 67),
(60, 70, 53),
(61, 10, 62),
(61, 16, 67),
(61, 70, 22),
(62, 10, 4),
(62, 16, 67),
(62, 70, 62),
(63, 28, 23),
(63, 6, 64),
(64, 28, 50),
(64, 6, 55),
(65, 28, 50),
(65, 6, 55),
(66, 28, 23),
(66, 6, 50),
(67, 33, 58),
(67, 70, 6),
(68, 33, 6),
(68, 70, 58),
(69, 28, 85),
(69, 47, 60),
(7, 28, 66),
(7, 47, 82),
(70, 28, 85),
(70, 47, 60),
(71, 49, 45),
(72, 28, 85),
(72, 47, 23),
(73, 36, 20),
(74, 16, 56),
(74, 46, 88),
(75, 16, 56),
(75, 46, 89),
(8, 1, 90),
(8, 66, 61),
(9, 21, 59),
(9, 41, 59);

-- --------------------------------------------------------

--
-- Estructura de tabla para la tabla `tbl_competencia`
--

CREATE TABLE `tbl_competencia` (
  `Id_Competencia` int(11) NOT NULL,
  `Nom_Competencia` varchar(500) COLLATE utf8_bin NOT NULL
) ENGINE=InnoDB DEFAULT CHARSET=utf8 COLLATE=utf8_bin;

--
-- Volcado de datos para la tabla `tbl_competencia`
--

INSERT INTO `tbl_competencia` (`Id_Competencia`, `Nom_Competencia`) VALUES
(1, 'ANALIZAR MUESTRAS SEGUN PROCEDIMIENTOS IMPLEMENTADOS POR EL LABORATORIO '),
(2, 'ANALIZAR MUESTRAS SEGUN PROCEDIMIENTOS IMPLEMENTADOS POR EL LABORATORIO '),
(3, 'APLICAR LOS MICROORGANISMOS EN PROCESOS DE DESCONTAMINACION AMBIENTAL '),
(4, 'APLICAR TECNICAS DE PROCESOS MEDIADOS POR MICROORGANISMOS DE ACUERDO CON PROTOCOLOS ESTABLECIDOS POR LA ORGANIZACION '),
(5, 'APLICAR TECNICAS DE PROCESOS MEDIADOS POR MICROORGANISMOS DE ACUERDO CON PROTOCOLOS ESTABLECIDOS POR LA ORGANIZACION '),
(6, 'APOYAR ACTIVIDADES QUE CONDUZCAN A LA IMPLEMENTACION '),
(7, 'APOYAR ACTIVIDADES QUE CONDUZCAN A LA IMPLEMENTACION DE LOS SISTEMAS DE GESTION DE FORMA INDIVIDUAL O INTEGRADA DE ACUERDO A PLANIFICACION ESTABLECIDA POR LA EMPRESA '),
(8, 'APOYAR ACTIVIDADES QUE CONDUZCAN A LA IMPLEMENTACION '),
(9, 'APOYAR ACTIVIDADES QUE CONDUZCAN A LA IMPLEMENTACION DE LOS SISTEMAS DE GESTION DE FORMA INDIVIDUAL O INTEGRADA DE ACUERDO A LA PLANIFICACION ESTABLECIDA POR LA EMPRESA '),
(10, 'APOYAR LAS ACTIVIDADES DE SALUD OCUPACIONAL DE ACUERDO CON EL PROGRAMA DISENADO EN SALUD OCUPACIONAL Y NORMATIVIDAD VIGENTE '),
(11, 'APOYAR LAS ACTIVIDADES DE SALUD OCUPACIONAL DE ACUERDO CON EL PROGRAMA DISENADO EN SALUD OCUPACIONAL Y NORMATIVIDAD VIGENTE '),
(12, 'APOYAR LAS ACTIVIDADES DE SALUD OCUPACIONAL DE ACUERDO CON EL PROGRAMA DISENADO EN SALUD OCUPACIONAL Y NORMATIVIDAD VIGENTE '),
(13, 'ASEGURAR EL CUMPLIMIENTO DE LOS PROGRAMAS DE CALIDAD CONTROL AMBIENTAL SEGURIDAD Y SALUD OCUPACIONAL DE ACUERDO CON LA NORMATIVIDAD VIGENTE '),
(14, 'ASEGURAR LA CALIDAD DE LOS ENSAYOS DESARROLLADOS EN EL LABORATORIO DE ACUERDO CON PROCEDIMIENTOS DEFINIDOS POR LA EMPRESA '),
(15, 'ASEGURAR LA CALIDAD DE LOS ENSAYOS DESARROLLADOS EN EL LABORATORIO DE ACUERDO CON PROCEDIMIENTOS DEFINIDOS POR LA EMPRESA '),
(16, 'ATENDER AL USUARIO O PERSONA EN CASO DE ACCIDENTE Y ENFERMEDAD GRAVE DE ACUERDO CON PROTOCOLOS DE PRIMER RESPONDIENTE '),
(17, 'ATENDER AL USUARIO O PERSONA EN CASO DE ACCIDENTE Y ENFERMEDAD GRAVE DE ACUERDO CON PROTOCOLOS DE PRIMER RESPONDIENTE '),
(18, 'ATENDER AL USUARIO O PERSONA EN CASO DE ACCIDENTE Y ENFERMEDAD GRAVE DE ACUERDO CON PROTOCOLOS DE PRIMER RESPONDIENTE TRABAJO '),
(19, 'AUDITAR EL SISTEMA DE GESTION AMBIENTAL APLICANDO EL PROCEDIMIENTO ESTABLECIDO '),
(20, 'CARACTERIZAR FISICA QUIMICA Y MICROBIOLOGAMENTE EL AGUA EN LOS PROCESOS DE TRATAMIENTO '),
(21, 'CONTROLAR EL FLUJO DE LOS MATERIALES Y DE LA INFORMACION SEGUN LOS REQUERIMIENTOS DEL PROCESO PRODUCTIVO '),
(22, 'CONTROLAR LA CALIDAD DE LOS PROCESOS DE ACUERDO CON LA NORMATIVIDAD VIGENTE '),
(23, 'CONTROLAR LA CALIDAD DE LOS PROCESOS DE ACUERDO CON LA NORMATIVIDAD VIGENTE '),
(24, 'CONTROLAR LAS EMISIONES RESULTANTES DE PROCESOS Y OPERACIONES PRODUCTIVAS DE ACUERDO CON LA NORMATIVIDAD AMBIENTAL ESTABLECIDA '),
(25, 'CONTROLAR LOS VERTIMIENTOS RESULTANTES DE PROCESOS Y OPERACIONES PRODUCTIVAS DE ACUERDO CON LA NORMATIVIDAD AMBIENTAL ESTABLECIDA '),
(26, 'CUMPLIR LOS REQUERIMIENTOS AMBIENTALES EN LA OPERACION DE SISTEMAS DE TRATAMIENTO DE VERTIMIENTOS LIQUIDOS '),
(27, 'DEFINIR LAS HERRAMIENTAS PARA AUTOMATIZACION Y CONTROL DE PROCESOS DE ACUERDO CON LAS ESPECIFICACIONES DEL PRODUCTO '),
(28, 'DOCUMENTAR LOS PROCESOS NECESARIOS PARA LA IMPLEMENTACION MANTENIMIENTO Y MEJORA DE LOS SISTEMAS DE GESTION DE FORMA INDIVIDUAL O INTEGRADA SEGUN PROCEDIMIENTOS '),
(29, 'DOCUMENTAR LOS PROCESOS NECESARIOS PARA LA IMPLEMENTACION MANTENIMIENTO Y MEJORA DE LOS SISTEMAS DE GESTION DE FORMA INDIVIDUAL O INTEGRADA SEGUN PROCEDIMIENTOS ESTABLECIDOS POR LA EMPRESA '),
(30, 'DOCUMENTAR LOS PROCESOS NECESARIOS PARA LA IMPLEMENTACION MANTENIMIENTO Y MEJORA DE LOS SISTEMAS DE GESTION DE FORMA INDIVIDUAL O INTEGRADA SEGUN PROCEDIMIENTOS ESTABLECIDOS POR LA EMPRESA '),
(31, 'DOCUMENTAR LOS PROCESOS NECESARIOS PARA LA IMPLEMENTACION MANTENIMIENTO Y MEJORA DE LOS SISTEMAS DE GESTION DE FORMA INDIVIDUAL O INTEGRADA SEGUN '),
(32, 'DOCUMENTAR LOS PROCESOS NECESARIOS PARA LA IMPLEMENTACION MANTENIMIENTO Y MEJORA DE LOS SISTEMAS DE GESTION DE FORMA INDIVIDUAL O INTEGRADA SEGUN PROCEDIMIENTOS ESTABLECIDOS POR LA EMPRESA  '),
(33, 'EJECUTAR ACCIONES DE PROMOCION DE LA SALUD Y PREVENCION DE RIESGOS DEL TRABAJO PARA LA POBLACION CUBIERTA Y NO CUBIERTA POR EL SISTEMA GENERAL DE RIESGOS PROFESIONALES EN RELACION CON LAS NECESIDADES IDENTIFICADAS '),
(34, 'EJECUTAR ACCIONES DE PROMOCION DE LA SALUD Y PREVENCION DE RIESGOS DEL TRABAJO PARA LA POBLACION CUBIERTA Y NO CUBIERTA POR EL SISTEMA GENERAL DE RIESGOS PROFESIONALES ENRELACION CON LAS NECESIDADES IDENTIFICADAS '),
(35, 'EJECUTAR ACTIVIDADES DE PRODUCCION SEGUN PROGRAMACIONASIGNADA '),
(36, 'EJECUTAR ACTIVIDADES DE SEGUIMIENTO A LA ELABORACION DE PRODUCTOS EN PROCESO DE ACUERDO CON LAS BUENAS PRACTICAS DE MANUFACTURA '),
(37, 'EJECUTAR EL PROGRAMA DE SALUD OCUPACIONAL DE LA EMPRESA SEGUN ORIENTACIONES DADAS Y NORMATIVIDAD VIGENTE '),
(38, 'EJECUTAR EL PROGRAMA DE SALUD OCUPACIONAL DE LA EMPRESA SEGUN ORIENTACIONES DADAS Y NORMATIVIDAD VIGENTE '),
(39, 'EJECUTAR EL PROGRAMA DE SALUD OCUPACIONAL DE LA EMPRESA SEGUN ORIENTACIONES DADAS Y NORMATIVIDAD VIGENTE '),
(40, 'EJECUTAR ELPROGRAMA DE SALUD OCUPACIONAL DE LA EMPRESA SEGUN ORIENTACIONES DADAS Y NORMATIVIDAD VIGENTE '),
(41, 'ELABORAR EL PLAN GENERAL DE PRODUCCION SEGUN EL PLAN DE VENTAS NIVELES DE INVENTARIO Y CAPACIDAD DE PRODUCCION  '),
(42, 'ELABORAR EL PLAN GENERAL DE PRODUCCION SEGUN EL PLAN DE VENTAS NIVELES DE INVENTARIO Y CAPACIDAD DE PRODUCCION '),
(43, 'ESTRUCTURAR SISTEMAS DE MANEJO AMBIENTAL SIGUIENDO NORMATIVIDAD AMBIENTAL '),
(44, 'EVALUAR EL IMPACTO AMBIENTAL EN ACTIVIDADES PRODUCTOS Y SERVICIOS DE ACUERDO CON LA NORMATIVIDAD LEGAL VIGENTE '),
(45, 'EVALUAR EL IMPACTO AMBIENTAL EN ACTIVIDADES PRODUCTOS Y SERVICIOS DE ACUERDO CON LA NORMATIVIDAD LEGAL VIGENTE '),
(46, 'FOMENTAR PRACTICAS SEGURAS Y SALUDABLES EN LOS AMBIENTES DE TRABAJO '),
(47, 'GARANTIZAR EL CUMPLIMIENTO DE LA NORMATIVIDAD Y LEGISLACION VIGENTE RELACIONADA CON LOS SISTEMAS DE GESTION SEGUN LA NATURALEZA DE LA ORGANIZACION '),
(48, 'GARANTIZAR EL CUMPLIMIENTO DE LA NORMATIVIDAD Y LEGISLACION VIGENTE RELACIONADA CON LOS SISTEMAS DE GESTION SEGUN LA NATURALEZA DE LA ORGANIZACI? N '),
(49, 'GESTIONAR EL ALMACENAMIENTO DE MATERIALES DE ACUERDO CON PROTOCOLOS Y NORMAS ESTABLECIDAS EN LA ORGANIZACION '),
(50, 'IMPLEMENTAR HERRAMIENTAS DE OPTIMIZACION DE RECURSOS PARA EL MEJORAMIENTO DE PROCESOS PRODUCTIVOS '),
(51, 'IMPLEMENTAR HERRAMIENTAS DE OPTIMIZACION DE RECURSOS PARA EL MEJORAMIENTO DE PROCESOS PRODUCTIVOS '),
(52, 'ORGANIZAR LA LOGISTICA INTERNA DE ACUERDO CON EL PLAN DE PRODUCCION '),
(53, 'ORGANIZAR LAS ACTIVIDADES DE PRODUCCION DE ACUERDO CON LOS OBJETIVOS EMPRESARIALES '),
(54, 'ORGANIZAR LAS ACTIVIDADES DE PRODUCCION DE ACUERDO CON LOS OBJETIVOS EMPRESARIALES '),
(55, 'ORGANIZAR PLANES DE EDUCACION AMBIENTAL DE ACUERDO CON REQUERIMIENTOS ESTABLECIDOS '),
(56, 'ORIENTAR LAS ACTIVIDADES DEL PERSONAL A CARGO CON BASE EN LAS POLITICAS DE LA ORGANIZACION '),
(57, 'ORIENTAR LAS ACTIVIDADES DEL PERSONAL A CARGO CON BASE A LAS POLITICAS DE LA ORGANIZACION '),
(58, 'PROCESAR LAS MUESTRAS DE AGUAS DE ACUERDO CON LAS TECNICAS Y METODOS ESTABLECIDOS '),
(59, 'PROCESAR MUESTRAS DE AGUA DE ACUERDO CON LAS TECNICAS Y METODOS ESTABLECIDOS '),
(60, 'PROGRAMAR LA PRODUCCION SEGUN PRODUCTO A FABRICAR Y PERIODICIDAD ESTABLECIDA '),
(61, 'PROGRAMAR LA PRODUCCION SEGUN PRODUCTO A FABRICAR Y PERIODICIDAD ESTABLECIDA '),
(62, 'REALIZAR ACTIVIDADES QUE CONDUZCAN AL MANTENIMIENTO Y MEJORA CONTINUA DE LOS SISTEMAS DE GESTION DE FORMA INDIVIDUAL O INTEGRADA '),
(63, 'REALIZAR ACTIVIDADES QUE CONDUZCAN AL MANTENIMIENTO Y MEJORA CONTINUA DE LOS SISTEMAS DE GESTION DE FORMA INDIVIDUAL O INTEGRADA '),
(64, 'REALIZAR LOS PROCEDIMIENTOS DE MUESTREO PARA ANALISIS QUIMICOS DE ACUERDO CON LOS PROTOCOLOS ESTABLECIDOS POR EL SECTOR '),
(65, 'REALIZAR LOS PROCEDIMIENTOS DE MUESTREO PARA ANALISIS QUIMICOS DE ACUERDO CON LOS PROTOCOLOS ESTABLECIDOS POR EL SECTOR '),
(66, 'REALIZAR OPERACIONES DE ALISTAMIENTO EN EL LABORATORIO QUIMICOS '),
(67, 'REALIZAR OPERACIONES DE ALISTAMIENTO EN EL LABORATORIO QUIMICOS '),
(68, 'RECOLECTAR CLASIFICAR Y TRANSPORTAR LAS BOLSAS CON LOS RESIDUOS SEGUN SU NATURALEZA EN LOS SITIOS DE GENERACION Y ACOPIO DE ACUERDO CON LOS PROCEDIMIENTOS ESTABLECIDOS '),
(69, 'RECOLECTAR CLASIFICAR Y TRANSPORTAR LAS BOLSAS CON LOS RESIDUOS SEGUN SU NATURALEZA EN LOS SITIOS DE GENERACION Y ACOPIO DE ACUERDO CON LOS PROCEDIMIENTOS ESTABLECIDOS '),
(70, 'REDUCIR LAS CAUSAS Y EFECTOS DE LAS URGENCIAS EMERGENCIAS CALAMIDADES Y DESASTRES DE ACUERDO CON MODELOS HUMANISTICOS SOCIALES Y NORMAS TECNICAS LEGALES VIGENTES '),
(71, 'REDUCIR LAS CAUSAS Y EFECTOS DE LAS URGENCIAS EMERGENCIAS CALAMIDADES Y DESASTRES DE ACUERDO CON MODELOS HUMANISTICOS SOCIALES Y NORMAS TECNICAS LEGALES VIGENTES '),
(72, 'REDUCIR LAS CAUSAS Y EFECTOS DE LAS URGENCIAS EMERGENCIAS CALAMIDADES Y DESASTRES DEACUERDO CON MODELOS HUMANISTICOS SOCIALES Y NORMAS TECNICAS LEGALES VIGENTES  '),
(73, 'REDUCIR LAS CAUSAS Y EFECTOS DE LAS URGENCIAS EMERGENCIAS CALAMIDADES Y DESASTRES DE ACUERDO CON MODELOS HUMANISTICOS SOCIALES Y NORMAS TECNICAS LEGALES VIGENTES '),
(74, 'SUPERVISAR PLANTAS DE PROCESOS QUIMICOS DE ACUERDO CON LAS VARIABLES DEL PROCESO '),
(75, 'SUPERVISAR Y CONTROLAR VARIABLES DE PROCESOS QUIMICOS DE ACUERDO CON EL PLAN DE PRODUCCION '),
(76, 'TRATAR LOS RESIDUOS CON BASE EN PARAMETROS TECNICOS AMBIENTALES VIGENTES Y ESTABLECIDOS POR POLITICAS SECTORIALES Y EMPRESARIALES '),
(77, 'TRATAR LOS RESIDUOS CON BASE EN PARAMETROS TECNICOAMBIENTALES VIGENTES Y ESTABLECIDOS POR POLITICAS SECTORIALES Y EMPRESARIALES '),
(78, 'TRATAR LOS RESIDUOS CON BASE EN PARAMETROS TECNICOS AMBIENTALES VIGENTES Y ESTABLECIDOS POR POLITICAS SECTORIALES Y EMPRESARIALES ');

-- --------------------------------------------------------

--
-- Estructura de tabla para la tabla `tbl_copiaen`
--

CREATE TABLE `tbl_copiaen` (
  `Num_Grupo` int(11) DEFAULT NULL,
  `Id_Competencia` int(11) DEFAULT NULL,
  `Id_Docente` int(11) DEFAULT NULL,
  `Id_Preguntas` int(11) NOT NULL,
  `Evaluacion` varchar(300) CHARACTER SET utf8 COLLATE utf8_spanish_ci NOT NULL
) ENGINE=InnoDB DEFAULT CHARSET=utf8 COLLATE=utf8_bin;

--
-- Volcado de datos para la tabla `tbl_copiaen`
--

INSERT INTO `tbl_copiaen` (`Num_Grupo`, `Id_Competencia`, `Id_Docente`, `Id_Preguntas`, `Evaluacion`) VALUES
(11, 24, 63, 1, '1'),
(11, 24, 63, 2, '1'),
(11, 24, 63, 3, '1'),
(11, 24, 63, 4, '1'),
(11, 24, 63, 5, '1'),
(11, 24, 63, 6, '1'),
(11, 24, 63, 7, '1'),
(11, 24, 63, 8, '1'),
(11, 24, 63, 9, '1'),
(11, 24, 63, 10, '1'),
(11, 24, 63, 11, '1'),
(11, 24, 63, 12, '1'),
(11, 24, 63, 13, '1'),
(11, 24, 63, 14, '1'),
(11, 24, 63, 15, '1'),
(11, 24, 63, 16, '1'),
(11, 24, 63, 17, '1'),
(11, 24, 63, 18, '1'),
(11, 24, 63, 19, '1'),
(11, 24, 63, 20, '1'),
(11, 24, 63, 21, '1'),
(11, 24, 63, 22, '1'),
(11, 24, 63, 23, ''),
(11, 26, 57, 1, '1'),
(11, 26, 57, 2, '1'),
(11, 26, 57, 3, '1'),
(11, 26, 57, 4, '1'),
(11, 26, 57, 5, '1'),
(11, 26, 57, 6, '1'),
(11, 26, 57, 7, '1'),
(11, 26, 57, 8, '1'),
(11, 26, 57, 9, '1'),
(11, 26, 57, 10, '1'),
(11, 26, 57, 11, '1'),
(11, 26, 57, 12, '1'),
(11, 26, 57, 13, '1'),
(11, 26, 57, 14, '1'),
(11, 26, 57, 15, '1'),
(11, 26, 57, 16, '1'),
(11, 26, 57, 17, '1'),
(11, 26, 57, 18, '1'),
(11, 26, 57, 19, '1'),
(11, 26, 57, 20, '1'),
(11, 26, 57, 21, '1'),
(11, 26, 57, 22, '1'),
(11, 26, 57, 23, ''),
(11, 43, 48, 1, '2'),
(11, 43, 48, 2, '1'),
(11, 43, 48, 3, '3'),
(11, 43, 48, 4, '1'),
(11, 43, 48, 5, '1'),
(11, 43, 48, 6, '4'),
(11, 43, 48, 7, '4'),
(11, 43, 48, 8, '1'),
(11, 43, 48, 9, '2'),
(11, 43, 48, 10, '1'),
(11, 43, 48, 11, '4'),
(11, 43, 48, 12, '1'),
(11, 43, 48, 13, '3'),
(11, 43, 48, 14, '1'),
(11, 43, 48, 15, '4'),
(11, 43, 48, 16, '5'),
(11, 43, 48, 17, '1'),
(11, 43, 48, 18, '5'),
(11, 43, 48, 19, '1'),
(11, 43, 48, 20, '5'),
(11, 43, 48, 21, '1'),
(11, 43, 48, 22, '5'),
(11, 43, 48, 23, 'Observaciones 48.11.43'),
(12, 44, 48, 1, '3'),
(12, 44, 48, 2, '5'),
(12, 44, 48, 3, '5'),
(12, 44, 48, 4, '4'),
(12, 44, 48, 5, '1'),
(12, 44, 48, 6, '3'),
(12, 44, 48, 7, '1'),
(12, 44, 48, 8, '1'),
(12, 44, 48, 9, '2'),
(12, 44, 48, 10, '1'),
(12, 44, 48, 11, '4'),
(12, 44, 48, 12, '1'),
(12, 44, 48, 13, '5'),
(12, 44, 48, 14, '5'),
(12, 44, 48, 15, '1'),
(12, 44, 48, 16, '1'),
(12, 44, 48, 17, '5'),
(12, 44, 48, 18, '1'),
(12, 44, 48, 19, '1'),
(12, 44, 48, 20, '4'),
(12, 44, 48, 21, '1'),
(12, 44, 48, 22, '5'),
(12, 44, 48, 23, 'Observaciones 48.12.44'),
(12, 58, 40, 1, '1'),
(12, 58, 40, 2, '1'),
(12, 58, 40, 3, '1'),
(12, 58, 40, 4, '1'),
(12, 58, 40, 5, '1'),
(12, 58, 40, 6, '1'),
(12, 58, 40, 7, '1'),
(12, 58, 40, 8, '1'),
(12, 58, 40, 9, '1'),
(12, 58, 40, 10, '1'),
(12, 58, 40, 11, '1'),
(12, 58, 40, 12, '1'),
(12, 58, 40, 13, '1'),
(12, 58, 40, 14, '1'),
(12, 58, 40, 15, '1'),
(12, 58, 40, 16, '1'),
(12, 58, 40, 17, '1'),
(12, 58, 40, 18, '1'),
(12, 58, 40, 19, '1'),
(12, 58, 40, 20, '1'),
(12, 58, 40, 21, '1'),
(12, 58, 40, 22, '1'),
(12, 58, 40, 23, ''),
(12, 76, 63, 1, '1'),
(12, 76, 63, 2, '1'),
(12, 76, 63, 3, '1'),
(12, 76, 63, 4, '1'),
(12, 76, 63, 5, '1'),
(12, 76, 63, 6, '1'),
(12, 76, 63, 7, '1'),
(12, 76, 63, 8, '1'),
(12, 76, 63, 9, '1'),
(12, 76, 63, 10, '1'),
(12, 76, 63, 11, '1'),
(12, 76, 63, 12, '1'),
(12, 76, 63, 13, '1'),
(12, 76, 63, 14, '1'),
(12, 76, 63, 15, '1'),
(12, 76, 63, 16, '1'),
(12, 76, 63, 17, '1'),
(12, 76, 63, 18, '1'),
(12, 76, 63, 19, '1'),
(12, 76, 63, 20, '1'),
(12, 76, 63, 21, '1'),
(12, 76, 63, 22, '1'),
(12, 76, 63, 23, ''),
(1, 37, 68, 1, '3'),
(1, 37, 68, 2, '2'),
(1, 37, 68, 3, '4'),
(1, 37, 68, 4, '4'),
(1, 37, 68, 5, '4'),
(1, 37, 68, 6, '5'),
(1, 37, 68, 7, '4'),
(1, 37, 68, 8, '5'),
(1, 37, 68, 9, '3'),
(1, 37, 68, 10, '4'),
(1, 37, 68, 11, '3'),
(1, 37, 68, 12, '3'),
(1, 37, 68, 13, '4'),
(1, 37, 68, 14, '2'),
(1, 37, 68, 15, '3'),
(1, 37, 68, 16, '2'),
(1, 37, 68, 17, '4'),
(1, 37, 68, 18, '3'),
(1, 37, 68, 19, '4'),
(1, 37, 68, 20, '2'),
(1, 37, 68, 21, '5'),
(1, 37, 68, 22, '4'),
(1, 37, 68, 23, 'Cambiar la metodologia de clase, reajustar el modelo pedagogico');

-- --------------------------------------------------------

--
-- Estructura de tabla para la tabla `tbl_docente`
--

CREATE TABLE `tbl_docente` (
  `Id_Docente` int(11) NOT NULL,
  `NomApell_Docente` varchar(300) COLLATE utf8_bin NOT NULL
) ENGINE=InnoDB DEFAULT CHARSET=utf8 COLLATE=utf8_bin;

--
-- Volcado de datos para la tabla `tbl_docente`
--

INSERT INTO `tbl_docente` (`Id_Docente`, `NomApell_Docente`) VALUES
(1, 'ALEJA MARLEN OLIVARES ROJAS '),
(2, 'ALEXANDER VARGAS'),
(3, 'ALEXI GEOVANNY GARCIA CASTANEDA'),
(4, 'AMANDA PINILLOS NINO '),
(5, 'ANA MARCELA HERRERA GUASCA'),
(6, 'ANDREA DEL PILAR CORTES LOZANO '),
(7, 'ANGEL OCTAVIO DURAN'),
(8, 'ANGELA MARCELA GALVIS ORTIZ'),
(9, 'ANGELICA DIAZ CARDENAS'),
(10, 'CARMEN PATRICIA SALAZAR ARAUJO'),
(11, 'CAROLINA AVILA BARRETO'),
(12, 'CONSUELO SANCHEZ PEREZ '),
(13, 'DAN JAVIER SARASTY ZAMBRANO'),
(14, 'DANIEL PENA SAENZ'),
(15, 'DARLY ANGELICA VALVERDE MENESES'),
(16, 'DEISY CAROLINA RICO'),
(17, 'DIANA CAROLINA PINZONN'),
(18, 'DIANA CAROLINA TRIANA GUARNIZO'),
(19, 'DIANA CONSTANZA BARRAGAN BLANCO'),
(20, 'DIANA JANETH LOPEZ LOZANO'),
(21, 'DIANA MARCELA ROJAS CAGUASANGO'),
(22, 'EDNA ROCIO ANTORVEZA DIAZ '),
(23, 'EDNA XIMENA  DIAZ RODRIGUEZ '),
(24, 'EDUARDO RAVELO NIETO'),
(25, 'EDWIN LOMBANA RIANO.'),
(26, 'FREDY REYES HOYOS'),
(27, 'GERMA?N LEONEL SARMIENTO CRUZ'),
(28, 'GONZALO ALBERTO FORERO BUITRAGO'),
(29, 'GONZALO IVAN MAHECHA'),
(30, 'HECTOR ANDRES PAZ ROA'),
(31, 'HECTOR DANILO BAQUERO'),
(32, 'HECTOR WILSON WALTEROS TORRES'),
(33, 'HENAN ENMANUEL CABARCAS CELY'),
(34, 'HERNANDO ENRIQUE BOHORQUEZ ARIZA'),
(35, 'IBETH AMANDA RAMOS PINILLA'),
(36, 'JAIRO HELY NAICIPA OTA?LORA'),
(37, 'JHON ALEXANDER ACEVEDO'),
(38, 'JORGE ANDRES RIOS FLORES'),
(39, 'JORGE EDGAR TAUTIVA CORREA'),
(40, 'JORGE ELICIO SUAREZ'),
(41, 'JORGE FRANCISCO JIMENEZ CARDENAS'),
(42, 'JORGE HUMBERTO VILLAMARIN'),
(43, 'JUAN ALEJANDRO ARIAS'),
(44, 'JUAN CARLOS QUIROGA SOTO'),
(45, 'JUAN CARLOS SANTOS CAMARGO '),
(46, 'JUAN SELMEN CALDERON'),
(47, 'JULIA ANDREA PEREZ ROJAS'),
(48, 'JULIAN EDUARDO MUNOZ'),
(49, 'LEANDRO GARZON GUTIERREZ'),
(50, 'LEIDY LAURA DAZA POVEDA '),
(51, 'LEYDY PAOLA ARCE CASTELLANOS'),
(52, 'LILIAM CRISTINA RAMIREZ CONTRERAS'),
(53, 'LILIANA  CAMACHO MORENO '),
(54, 'LINA MARIA?A OSORIO'),
(55, 'LINA PAOLA  VARGAS '),
(56, 'LINDA CATALINA CABRERA PENA'),
(57, 'LUBIN ANDRES HERNA?NDEZ SANABRIA'),
(58, 'LUIS ARLES  VALENCIA '),
(59, 'LUIS ERNESTO SERRATO'),
(60, 'LUIS FERNANDO CRUZ MURCIA '),
(61, 'LUISA FERNANDA CARRENO ALVAREZ'),
(62, 'MARCO AURELIO DIAZ BONILLA '),
(63, 'MARIANA?CARDENAS SANTANA'),
(64, 'MARIA DEL PILAR MARTINEZ '),
(65, 'MARIA DEL PILAR SANNCHEZ'),
(66, 'MARTHA EMILIA POLANIA'),
(67, 'MAURICIO ANDRES SAENZ SASTOQUE '),
(68, 'MAYERLI RONCANCIO CHAVEZ'),
(69, 'MIGUEL ANTONIO MORALES'),
(70, 'MILTON DAVID ROMERO AVILA '),
(71, 'NANCY CONSTANZA ROMERO'),
(72, 'NATHALIA MEZA FERNÁNDEZ'),
(73, 'NELSON MAURICIO REYES'),
(74, 'NIDIA ANDREA PINZON SALAZAR'),
(75, 'NIDIA ANDREA SALAZAR PINZONN'),
(76, 'NIDIA GUERRERO CALVO'),
(77, 'OSCAR BARRERA HURTADO'),
(78, 'PABLO MAURICIO PENA MUNEVAR'),
(79, 'PAOLA MARCELA URREGO ANGEL'),
(80, 'PAULA ANDREA MARSIGLIA USECHE '),
(81, 'RAFAEL EMILIO GARZON'),
(82, 'SALOMON PENA ALARCON'),
(83, 'SANDRA LILIANA PINTO GARCIA '),
(84, 'SANDRA MILENA SANCHEZ RAMIREZ'),
(85, 'SANDRA ROCIO  MEZA ESPEJO '),
(86, 'SERGIO ALEJANDRO PEDRAZA '),
(87, 'SONIA MILENA VEGAS MENDOZA'),
(88, 'VICTOR HUGO   RIVERA MONROY '),
(89, 'VILMA DORIS CARDENAS BELTRAN '),
(90, 'WALTER HERNANDO PEREZ'),
(91, 'WILLI MOLINA RESTREPO'),
(92, 'WILLIAN EDUARDO GALVIS CIFUENTES'),
(93, 'WILLIAM RICARDO PINEDA BOLIVAR'),
(94, 'WILLIAN EDUARDO GALVIS CIFUENTES'),
(95, 'YEFERSON YESID ROJAS AMAYA');

-- --------------------------------------------------------

--
-- Estructura de tabla para la tabla `tbl_encuesta`
--

CREATE TABLE `tbl_encuesta` (
  `Num_Grupo` int(11) DEFAULT NULL,
  `Id_Competencia` int(11) DEFAULT NULL,
  `Id_Docente` int(11) DEFAULT NULL,
  `Num_Registro` int(11) NOT NULL,
  `Id_Preguntas` int(11) NOT NULL,
  `Evaluacion` int(11) NOT NULL
) ENGINE=InnoDB DEFAULT CHARSET=utf8 COLLATE=utf8_bin;

-- --------------------------------------------------------

--
-- Estructura de tabla para la tabla `tbl_grupo`
--

CREATE TABLE `tbl_grupo` (
  `Grupo` int(11) NOT NULL,
  `Id_Grupo` varchar(20) COLLATE utf8_bin NOT NULL,
  `Orden` varchar(45) COLLATE utf8_bin NOT NULL,
  `Num_Grupo` int(11) NOT NULL
) ENGINE=InnoDB DEFAULT CHARSET=utf8 COLLATE=utf8_bin;

--
-- Volcado de datos para la tabla `tbl_grupo`
--

INSERT INTO `tbl_grupo` (`Grupo`, `Id_Grupo`, `Orden`, `Num_Grupo`) VALUES
(1, '100TGCAD', '1752841', 26),
(6, '100TGGIC', '1612985', 65),
(1, '101TGCAD', '1752841', 27),
(6, '101TGGIC', '1612985', 66),
(1, '102TGCAD', '1752841', 28),
(1, '103TGCAD', '1752841', 29),
(6, '104TGGIC', '1752985', 18),
(6, '105TGGIC', '1752985', 19),
(6, '106TGGIC', '1752983', 36),
(6, '107TGGIC', '1752990', 72),
(2, '13ETGBPM', '1752996', 73),
(9, '166TGSOD', '1366195', 23),
(9, '167TGSOD', '1366195', 24),
(9, '180TGSOD', '1505297', 47),
(9, '181TGSOD', '1505297', 48),
(9, '182TGSOD', '1505297', 49),
(9, '184TGSOD', '1505297', 50),
(9, '185TGSOD', '1505297', 51),
(9, '186TGSOD', '1505290', 25),
(9, '188TGSOD', '1505287', 55),
(4, '18TGGRPP', '1612999', 71),
(9, '193TGSOD', '161296', 44),
(9, '194TGSOD', '161296', 45),
(9, '195TGSOD', '161296', 46),
(9, '196TGSOD', '1612978', 59),
(9, '197TGSOD', '1612978', 60),
(9, '198TGSOD', '1612978', 61),
(9, '199TGSOD', '1612978', 62),
(9, '1ETGSONS', '1779960', 74),
(4, '20TGGRPP', '1752847', 10),
(3, '24TGPIN3', '1505252', 9),
(8, '27TGQIN1', '1750111', 8),
(5, '2ETGGSST', '1779962', 75),
(7, '2TGPIQD', '1507836', 21),
(1, '37TGCAN2', '1614838', 4),
(1, '40TGCAN1', '1752828', 5),
(6, '54TGGICN', '1366192', 53),
(6, '56TGGICN', '1505292', 6),
(9, '57TGSON4', '1366194', 1),
(6, '58TGGICN', '1612995', 69),
(6, '59TGGICN', '1612995', 70),
(6, '62TGGICN', '1752984', 7),
(9, '62TGSON3', '1505309', 2),
(9, '63ETGSON', '1542864', 56),
(9, '64ETGSON', '1544832', 57),
(9, '65ETGSON', '1544825', 58),
(9, '68TGSON2', '1612983', 3),
(9, '69TGSON', '1612975', 67),
(9, '70TGSON', '1612975', 68),
(3, '74TGPID', '1366197', 13),
(3, '78TGPID', '1505225', 41),
(8, '79TGQID', '1617584', 22),
(3, '80TGPID', '1505237', 14),
(8, '80TGQID', '1617569', 43),
(3, '82TGPID', '1612997', 15),
(3, '83TGPID', '1612987', 40),
(8, '84TGQID', '1750110', 42),
(1, '86TGCAD', '1505148', 33),
(1, '87TGCAD', '1505148', 34),
(3, '87TGPID', '1752872', 16),
(1, '88TGCAD', '1505148', 35),
(3, '88TGPID', '1752872', 17),
(1, '89TGCAD', '1505185', 11),
(3, '89TGPID', '1752868', 39),
(6, '90TGGICD', '1505274', 38),
(1, '91TGCAD', '1614837', 30),
(6, '91TGGICD', '1505277', 20),
(1, '92TGCAD', '1614837', 31),
(6, '92TGGICD', '1505272', 54),
(1, '95ETGCAD', '1661311', 32),
(6, '96ETGGIC', '1539455', 52),
(6, '97TGGICD', '1612980', 37),
(6, '98TGGICD', '1612985', 63),
(1, '99TGCAD', '1752843', 12),
(6, '99TGGICD', '1612985', 64);

-- --------------------------------------------------------

--
-- Estructura de tabla para la tabla `tbl_materia`
--

CREATE TABLE `tbl_materia` (
  `Id_Materia` int(11) NOT NULL,
  `Nom_Materia` varchar(150) COLLATE utf8_bin NOT NULL
) ENGINE=InnoDB DEFAULT CHARSET=utf8 COLLATE=utf8_bin;

--
-- Volcado de datos para la tabla `tbl_materia`
--

INSERT INTO `tbl_materia` (`Id_Materia`, `Nom_Materia`) VALUES
(1, 'CONTROL AMBIENTAL'),
(2, 'ESPECIALIZACION EN SUPERVISION DE BPM'),
(3, 'GESTION DE LA PRODUCCION INDUSTRIAL'),
(4, 'GESTION DE RECURSOS EN PLANTAS DE PRODUCCION'),
(5, 'GESTION DE SEGURIDAD Y SALUD EN EL TRABAJO'),
(6, 'GESTION INTEGRADA DE LA CALIDAD, MEDIO AMBIENTE, SEGURIDAD Y SALUD OCUPACIONAL'),
(7, 'PROCESOS DE LA INDUSTRIA QUIMICA'),
(8, 'QUIMICA APLICADA A LA INDUSTRIA'),
(9, 'SALUD OCUPACIONAL');

-- --------------------------------------------------------

--
-- Estructura de tabla para la tabla `tbl_preguntas`
--

CREATE TABLE `tbl_preguntas` (
  `Id_Preguntas` int(11) NOT NULL,
  `Pregunta` varchar(300) COLLATE utf8_spanish_ci NOT NULL,
  `Tipo_Pregunta` int(2) NOT NULL
) ENGINE=InnoDB DEFAULT CHARSET=utf8 COLLATE=utf8_spanish_ci;

--
-- Volcado de datos para la tabla `tbl_preguntas`
--

INSERT INTO `tbl_preguntas` (`Id_Preguntas`, `Pregunta`, `Tipo_Pregunta`) VALUES
(1, 'La informacion que recibia del instructor sobre el contenido de esta competencia y su relacion con las actividades de su proyecto de formacion fue', 1),
(2, 'Las pautas dadas por el instructor acerca del manejo del portafolio del aprendiz fueron', 1),
(3, 'La orientacion dada por el instructor acerca de la identificacion de dominios de la competencia durante las dos primeras sesiones de formacion fue', 1),
(4, 'La concertacion del plan de formacion de la competencia en las primeras sesiones de formacion fue', 1),
(5, 'Las oportunidades en la entrega de las guias para el desarrollo de la competencia fueron', 1),
(6, 'La conceptualizacion, la contextualizacion y la aplicacion de los temas expuestos por el instructor en las sesiones de formacion fueron', 1),
(7, 'El acompa?amiento, las orientaciones y las explicaciones adicionales que le brindo el instructor para aclarar las dudas e inquietudes que surgieron en el desarrollo de sus actividades de formacion fueron', 1),
(8, 'El uso de estrategias didacticas activas tales como foros, mesas redondas, debates, preguntas, talleres, practicas de laboratorio, salidas tecnicas etc., en el desarrollo de la competencia fue', 1),
(9, 'La utilizacion de tecnologias informaticas tales como correo electronico, foros virtuales, blogs, bibliotecas virtuales, chat, software, por parte del instructor para apoyar el desarrollo de la competencia fue', 1),
(10, 'La calidad en los contenidos y el aporte de las guias y documentos entregados o sugeridos para consulta por el instructor para el buen desarrollo de su proceso de formacion fueron', 1),
(11, 'Las estrategias que utiliza el instructor para facilitar y promover el trabajo en equipo colaborativo fueron', 1),
(12, 'La oportunidad de en la entrega de los instrumentos de evaluacion (tales como cuestionarios o listas de verificacion) por parte del instructor, fue', 1),
(13, 'Las reglas de juego planteadas por el instructor respecto a los criterios para evaluar sus evidencias fueron', 1),
(14, 'La retroalimentacion del instructor a los resultados de las evaluaciones de conocimiento y a las evidencias y trabajos que usted presento, asi como sus aportes para mejorar su formacion durante el semestre fueron', 1),
(15, 'El instructor mantiene la disciplina en el ambiente de formacion sin abusar de su mando', 1),
(16, 'El instructor promueve y genera un ambiente propicio para el desarrollo personal y profesional de los aprendices', 1),
(17, 'La comunicacion instructor - aprendiz es fluida y espontanea, creando un clima de confianza', 1),
(18, 'El instructor es respetuoso y tolerante con los diferentes puntos de vista expresados por los aprendices', 1),
(19, 'El instructor fomenta la participacion critica de manera permanente en el ambiente de formacion', 1),
(20, 'El instructor asiste normalmente a las sesiones de formacion programadas', 1),
(21, 'El cumplimiento de los horarios de inicializacion y finalizacion de las sesiones de formacion fue', 1),
(22, 'La permanencia del instructor en las sesiones de formacion fue', 1),
(23, 'Observaciones', 2);

--
-- Índices para tablas volcadas
--

--
-- Indices de la tabla `tbl_competencia`
--
ALTER TABLE `tbl_competencia`
  ADD PRIMARY KEY (`Id_Competencia`);

--
-- Indices de la tabla `tbl_docente`
--
ALTER TABLE `tbl_docente`
  ADD PRIMARY KEY (`Id_Docente`);

--
-- Indices de la tabla `tbl_materia`
--
ALTER TABLE `tbl_materia`
  ADD PRIMARY KEY (`Id_Materia`);

--
-- Indices de la tabla `tbl_preguntas`
--
ALTER TABLE `tbl_preguntas`
  ADD PRIMARY KEY (`Id_Preguntas`);
COMMIT;

/*!40101 SET CHARACTER_SET_CLIENT=@OLD_CHARACTER_SET_CLIENT */;
/*!40101 SET CHARACTER_SET_RESULTS=@OLD_CHARACTER_SET_RESULTS */;
/*!40101 SET COLLATION_CONNECTION=@OLD_COLLATION_CONNECTION */;
